{
  "BUL": [
    1.0736237959841592,
    62.91994568497707,
    299.98375206293383,
    0.0812666312179926,
    1.382630502793771
  ],
  "DNP": [
    0.06483733125223112,
    4.832493107316125,
    299.6207695479168,
    0.06901274590761763,
    0.6080401820201637
  ],
  "FOL": [
    1.1768608652624497,
    76.70092948073321,
    250.25612063726345,
    0.3017244526215247,
    1.1642306224993764
  ],
  "EXC": [
    1.6280046043542602,
    99.24229190122335,
    245.32803641695057,
    0.026147761817254547,
    0.8832821607624971
  ],
  "MIL": [
    1.4528200320819418,
    25.452847971451686,
    275.53308330781414,
    0.09136401138813352,
    1.0119745542466843
  ],
  "NML": [
    0.2385234644922343,
    59.696472660943996,
    299.7174736213807,
    0.003248907906082208,
    0.7361876754597599
  ],
  "ORO": [
    1.5697042297766206,
    76.17593172546756,
    245.50715452046416,
    0.18839504872550417,
    1.104844258097709
  ],
  "SHA": [
    0.8916632773526019,
    64.64589865892833,
    216.98608049568992,
    0.12901219215629,
    1.0556275319632964
  ],
  "Gains": [
    1.0434828784475152,
    0.2210719326061338
  ],
  "Delta": [
    0.47544100170329207
  ]
}